{"score": 0.5333333333333332, "_runtime": 428, "_timestamp": 1632317601, "_step": 44, "loss_tok2vec": 13.539927431525234, "loss_ner": 12.038366880360336, "token_acc": 1.0, "token_p": 1.0, "token_r": 1.0, "token_f": 1.0, "ents_p": 0.5454545454545454, "ents_r": 0.5217391304347826, "ents_f": 0.5333333333333332, "ents_per_type": {"EMAIL": {"p": 0.8461538461538461, "r": 0.55, "f": 0.6666666666666667}, "PERSON": {"p": 0.41935483870967744, "r": 0.5, "f": 0.45614035087719296}}, "speed": 16808.75889144878, "_wandb": {"runtime": 427}}