{"score": 0.3764705882352941, "_runtime": 347, "_timestamp": 1631893301, "_step": 8, "loss_tok2vec": 0.0, "loss_ner": 77.32871323265938, "token_acc": 1.0, "token_p": 1.0, "token_r": 1.0, "token_f": 1.0, "ents_p": 0.8205128205128205, "ents_r": 0.6956521739130435, "ents_f": 0.7529411764705882, "ents_per_type": {"EMAIL": {"p": 0.9166666666666666, "r": 0.55, "f": 0.6874999999999999}, "PERSON": {"p": 0.7777777777777778, "r": 0.8076923076923077, "f": 0.7924528301886792}}, "speed": 5205.365176647797, "_wandb": {"runtime": 520}}