{"score": 0.7608200455580866, "_runtime": 655, "_timestamp": 1633268726, "_step": 47, "loss_tok2vec": 0.0, "loss_ner": 158.1608630432908, "token_acc": 1.0, "token_p": 1.0, "token_r": 1.0, "token_f": 1.0, "ents_p": 0.8835978835978836, "ents_r": 0.668, "ents_f": 0.7608200455580866, "ents_per_type": {"EMAIL": {"p": 0.9295774647887324, "r": 0.9565217391304348, "f": 0.9428571428571428}, "PERSON": {"p": 0.8559322033898306, "r": 0.5580110497237569, "f": 0.6755852842809364}}, "speed": 10455.028528597977, "_wandb": {"runtime": 654}}