{"score": 0.8605577689243028, "_runtime": 1386, "_timestamp": 1633273902, "_step": 74, "loss_tok2vec": 0.0, "loss_ner": 16.524463710217216, "token_acc": 1.0, "token_p": 1.0, "token_r": 1.0, "token_f": 1.0, "ents_p": 0.8571428571428571, "ents_r": 0.864, "ents_f": 0.8605577689243028, "ents_per_type": {"EMAIL": {"p": 0.9571428571428572, "r": 0.9710144927536232, "f": 0.9640287769784173}, "PERSON": {"p": 0.8186813186813187, "r": 0.8232044198895028, "f": 0.8209366391184574}}, "speed": 9275.474847339503, "_wandb": {"runtime": 1384}}