{"score": 0.8076109936575053, "_runtime": 495, "_timestamp": 1633261326, "_step": 38, "loss_tok2vec": 0.0, "loss_ner": 364.75231377936143, "token_acc": 1.0, "token_p": 1.0, "token_r": 1.0, "token_f": 1.0, "ents_p": 0.8565022421524664, "ents_r": 0.764, "ents_f": 0.8076109936575053, "ents_per_type": {"EMAIL": {"p": 0.9705882352941176, "r": 0.9565217391304348, "f": 0.9635036496350365}, "PERSON": {"p": 0.8064516129032258, "r": 0.6906077348066298, "f": 0.744047619047619}}, "speed": 10312.948797298479, "_wandb": {"runtime": 494}}