{"score": 0.8378947368421054, "_runtime": 804, "_timestamp": 1633272493, "_step": 50, "loss_tok2vec": 0.0, "loss_ner": 31.51732934302372, "token_acc": 1.0, "token_p": 1.0, "token_r": 1.0, "token_f": 1.0, "ents_p": 0.8844444444444445, "ents_r": 0.796, "ents_f": 0.8378947368421054, "ents_per_type": {"EMAIL": {"p": 0.9705882352941176, "r": 0.9565217391304348, "f": 0.9635036496350365}, "PERSON": {"p": 0.8471337579617835, "r": 0.7348066298342542, "f": 0.78698224852071}}, "speed": 10569.057397370332, "_wandb": {"runtime": 803}}