{"score": 0.7878787878787878, "_runtime": 50, "_timestamp": 1632326966, "_step": 8, "loss_tok2vec": 0.0, "loss_ner": 1193.4776262597095, "token_acc": 1.0, "token_p": 1.0, "token_r": 1.0, "token_f": 1.0, "ents_p": 0.7358490566037735, "ents_r": 0.8478260869565217, "ents_f": 0.7878787878787878, "ents_per_type": {"EMAIL": {"p": 0.9473684210526315, "r": 0.9, "f": 0.9230769230769231}, "PERSON": {"p": 0.7777777777777778, "r": 0.8076923076923077, "f": 0.7924528301886792}, "ORG": {"p": 0.0, "r": 0.0, "f": 0.0}, "CARDINAL": {"p": 0.0, "r": 0.0, "f": 0.0}, "ORDINAL": {"p": 0.0, "r": 0.0, "f": 0.0}, "GPE": {"p": 0.0, "r": 0.0, "f": 0.0}, "NORP": {"p": 0.0, "r": 0.0, "f": 0.0}}, "speed": 7641.420867628755, "_wandb": {"runtime": 63}}