{"score": 0.8285714285714286, "_runtime": 663, "_timestamp": 1633263280, "_step": 44, "loss_tok2vec": 0.0, "loss_ner": 62.27817736071899, "token_acc": 1.0, "token_p": 1.0, "token_r": 1.0, "token_f": 1.0, "ents_p": 0.8458333333333333, "ents_r": 0.812, "ents_f": 0.8285714285714286, "ents_per_type": {"EMAIL": {"p": 0.9571428571428572, "r": 0.9710144927536232, "f": 0.9640287769784173}, "PERSON": {"p": 0.8, "r": 0.7513812154696132, "f": 0.7749287749287749}}, "speed": 10292.384684811692, "_wandb": {"runtime": 662}}