{"score": 0.8172043010752688, "_runtime": 92, "_timestamp": 1632384194, "_step": 14, "loss_tok2vec": 0.0, "loss_ner": 620.6676546488076, "token_acc": 1.0, "token_p": 1.0, "token_r": 1.0, "token_f": 1.0, "ents_p": 0.8085106382978723, "ents_r": 0.8260869565217391, "ents_f": 0.8172043010752688, "ents_per_type": {"EMAIL": {"p": 0.9444444444444444, "r": 0.85, "f": 0.8947368421052632}, "PERSON": {"p": 0.7241379310344828, "r": 0.8076923076923077, "f": 0.7636363636363636}}, "speed": 9187.173750932085, "_wandb": {"runtime": 120}}