{"score": 0.7858719646799117, "_runtime": 685, "_timestamp": 1633269434, "_step": 47, "loss_tok2vec": 0.0, "loss_ner": 235.25364959967152, "token_acc": 1.0, "token_p": 1.0, "token_r": 1.0, "token_f": 1.0, "ents_p": 0.8768472906403941, "ents_r": 0.712, "ents_f": 0.7858719646799117, "ents_per_type": {"EMAIL": {"p": 0.9295774647887324, "r": 0.9565217391304348, "f": 0.9428571428571428}, "PERSON": {"p": 0.8484848484848485, "r": 0.6187845303867403, "f": 0.7156549520766774}}, "speed": 9942.296542571441, "_wandb": {"runtime": 685}}