{"score": 0.8629856850715746, "_runtime": 687, "_timestamp": 1633262038, "_step": 47, "loss_tok2vec": 0.0, "loss_ner": 80.44776383973674, "token_acc": 1.0, "token_p": 1.0, "token_r": 1.0, "token_f": 1.0, "ents_p": 0.8828451882845189, "ents_r": 0.844, "ents_f": 0.8629856850715746, "ents_per_type": {"EMAIL": {"p": 0.9577464788732394, "r": 0.9855072463768116, "f": 0.9714285714285714}, "PERSON": {"p": 0.8511904761904762, "r": 0.7900552486187845, "f": 0.819484240687679}}, "speed": 10363.622502472053, "_wandb": {"runtime": 685}}