{"score": 0.8559670781893003, "_runtime": 1008, "_timestamp": 1633271667, "_step": 59, "loss_tok2vec": 0.0, "loss_ner": 37.078492144208525, "token_acc": 1.0, "token_p": 1.0, "token_r": 1.0, "token_f": 1.0, "ents_p": 0.8813559322033898, "ents_r": 0.832, "ents_f": 0.8559670781893003, "ents_per_type": {"EMAIL": {"p": 0.9577464788732394, "r": 0.9855072463768116, "f": 0.9714285714285714}, "PERSON": {"p": 0.8484848484848485, "r": 0.7734806629834254, "f": 0.8092485549132948}}, "speed": 9624.158952132731, "_wandb": {"runtime": 1007}}