{"score": 0.7803837953091685, "_runtime": 569, "_timestamp": 1633266897, "_step": 41, "loss_tok2vec": 0.0, "loss_ner": 406.8264844331841, "token_acc": 1.0, "token_p": 1.0, "token_r": 1.0, "token_f": 1.0, "ents_p": 0.8356164383561644, "ents_r": 0.732, "ents_f": 0.7803837953091685, "ents_per_type": {"EMAIL": {"p": 0.9436619718309859, "r": 0.9710144927536232, "f": 0.9571428571428571}, "PERSON": {"p": 0.7837837837837838, "r": 0.6408839779005525, "f": 0.7051671732522795}}, "speed": 10152.55076367834, "_wandb": {"runtime": 567}}