{"score": 0.5494505494505495, "_runtime": 423, "_timestamp": 1632316471, "_step": 44, "loss_tok2vec": 13.950806507991697, "loss_ner": 12.433376577106278, "token_acc": 1.0, "token_p": 1.0, "token_r": 1.0, "token_f": 1.0, "ents_p": 0.5555555555555556, "ents_r": 0.5434782608695652, "ents_f": 0.5494505494505495, "ents_per_type": {"EMAIL": {"p": 0.8461538461538461, "r": 0.55, "f": 0.6666666666666667}, "PERSON": {"p": 0.4375, "r": 0.5384615384615384, "f": 0.4827586206896552}}, "speed": 17909.975623822265, "_wandb": {"runtime": 422}}