{"score": 0.8484848484848484, "_runtime": 753, "_timestamp": 1632747135, "_step": 50, "loss_tok2vec": 0.0, "loss_ner": 26.62022936408103, "token_acc": 1.0, "token_p": 1.0, "token_r": 1.0, "token_f": 1.0, "ents_p": 0.8682170542635659, "ents_r": 0.8296296296296296, "ents_f": 0.8484848484848484, "ents_per_type": {"EMAIL": {"p": 0.972972972972973, "r": 0.9, "f": 0.935064935064935}, "PERSON": {"p": 0.8260869565217391, "r": 0.8, "f": 0.8128342245989306}}, "speed": 9755.189442829937, "_wandb": {"runtime": 752}}