{"score": 0.7933884297520661, "_runtime": 885, "_timestamp": 1633265239, "_step": 56, "loss_tok2vec": 0.0, "loss_ner": 281.67998193396994, "token_acc": 1.0, "token_p": 1.0, "token_r": 1.0, "token_f": 1.0, "ents_p": 0.8205128205128205, "ents_r": 0.768, "ents_f": 0.7933884297520661, "ents_per_type": {"EMAIL": {"p": 0.9571428571428572, "r": 0.9710144927536232, "f": 0.9640287769784173}, "PERSON": {"p": 0.7621951219512195, "r": 0.6906077348066298, "f": 0.7246376811594204}}, "speed": 10145.73002456224, "_wandb": {"runtime": 885}}