{"score": 0.85546875, "_runtime": 506, "_timestamp": 1633263810, "_step": 38, "loss_tok2vec": 0.0, "loss_ner": 280.72526661370233, "token_acc": 1.0, "token_p": 1.0, "token_r": 1.0, "token_f": 1.0, "ents_p": 0.8358778625954199, "ents_r": 0.876, "ents_f": 0.85546875, "ents_per_type": {"EMAIL": {"p": 0.9714285714285714, "r": 0.9855072463768116, "f": 0.9784172661870504}, "PERSON": {"p": 0.7864583333333334, "r": 0.8342541436464088, "f": 0.8096514745308312}}, "speed": 7920.349626037509, "_wandb": {"runtime": 505}}