{"score": 0.375, "_runtime": 3, "_timestamp": 1632326796, "_step": 2, "loss_tok2vec": 0.0, "loss_ner": 15.54569906251197, "token_acc": 1.0, "token_p": 1.0, "token_r": 1.0, "token_f": 1.0, "ents_p": 0.3181818181818182, "ents_r": 0.45652173913043476, "ents_f": 0.375, "ents_per_type": {"GPE": {"p": 0.0, "r": 0.0, "f": 0.0}, "EVENT": {"p": 0.0, "r": 0.0, "f": 0.0}, "EMAIL": {"p": 0.0, "r": 0.0, "f": 0.0}, "PERSON": {"p": 0.9545454545454546, "r": 0.8076923076923077, "f": 0.875}, "DATE": {"p": 0.0, "r": 0.0, "f": 0.0}, "PRODUCT": {"p": 0.0, "r": 0.0, "f": 0.0}, "ORG": {"p": 0.0, "r": 0.0, "f": 0.0}, "CARDINAL": {"p": 0.0, "r": 0.0, "f": 0.0}, "LAW": {"p": 0.0, "r": 0.0, "f": 0.0}, "ORDINAL": {"p": 0.0, "r": 0.0, "f": 0.0}, "NORP": {"p": 0.0, "r": 0.0, "f": 0.0}}, "speed": 6749.01931052191, "_wandb": {"runtime": 10}}