{
  "token_acc":1.0,
  "token_p":1.0,
  "token_r":1.0,
  "token_f":1.0,
  "sents_p":0.982300885,
  "sents_r":0.9652173913,
  "sents_f":0.9736842105,
  "dep_uas":null,
  "dep_las":null,
  "dep_las_per_type":null,
  "ents_p":0.4534883721,
  "ents_r":0.847826087,
  "ents_f":0.5909090909,
  "ents_per_type":{
    "EMAIL":{
      "p":0.9,
      "r":0.9,
      "f":0.9
    },
    "GPE":{
      "p":0.0,
      "r":0.0,
      "f":0.0
    },
    "EVENT":{
      "p":0.0,
      "r":0.0,
      "f":0.0
    },
    "PERSON":{
      "p":0.9545454545,
      "r":0.8076923077,
      "f":0.875
    },
    "DATE":{
      "p":0.0,
      "r":0.0,
      "f":0.0
    },
    "PRODUCT":{
      "p":0.0,
      "r":0.0,
      "f":0.0
    },
    "ORG":{
      "p":0.0,
      "r":0.0,
      "f":0.0
    },
    "CARDINAL":{
      "p":0.0,
      "r":0.0,
      "f":0.0
    },
    "LAW":{
      "p":0.0,
      "r":0.0,
      "f":0.0
    },
    "ORDINAL":{
      "p":0.0,
      "r":0.0,
      "f":0.0
    },
    "NORP":{
      "p":0.0,
      "r":0.0,
      "f":0.0
    }
  },
  "speed":9389.6541863529
}