{
  "token_acc":1.0,
  "token_p":1.0,
  "token_r":1.0,
  "token_f":1.0,
  "ents_p":0.8205128205,
  "ents_r":0.6956521739,
  "ents_f":0.7529411765,
  "ents_per_type":{
    "EMAIL":{
      "p":0.9166666667,
      "r":0.55,
      "f":0.6875
    },
    "PERSON":{
      "p":0.7777777778,
      "r":0.8076923077,
      "f":0.7924528302
    }
  },
  "speed":10555.7101593912
}