{
  "token_acc":1.0,
  "token_p":1.0,
  "token_r":1.0,
  "token_f":1.0,
  "ents_p":0.8888888889,
  "ents_r":0.8695652174,
  "ents_f":0.8791208791,
  "ents_per_type":{
    "EMAIL":{
      "p":0.9047619048,
      "r":0.95,
      "f":0.9268292683
    },
    "PERSON":{
      "p":0.875,
      "r":0.8076923077,
      "f":0.84
    }
  },
  "speed":11980.2869823291
}