{"score": 0.5390070921985816, "_runtime": 427, "_timestamp": 1632407551, "_step": 35, "loss_tok2vec": 0.0, "loss_ner": 27.780889872268173, "token_acc": 1.0, "token_p": 1.0, "token_r": 1.0, "token_f": 1.0, "ents_p": 0.4578313253012048, "ents_r": 0.6551724137931034, "ents_f": 0.5390070921985816, "ents_per_type": {"EMAIL": {"p": 0.6538461538461539, "r": 0.85, "f": 0.7391304347826088}, "PERSON": {"p": 0.3684210526315789, "r": 0.8076923076923077, "f": 0.5060240963855421}, "ORG": {"p": 0.0, "r": 0.0, "f": 0.0}}, "speed": 9002.288474506051, "_wandb": {"runtime": 426}}