{"score": 0.8, "_runtime": 1043, "_timestamp": 1633266305, "_step": 59, "loss_tok2vec": 0.0, "loss_ner": 178.89510191034506, "token_acc": 1.0, "token_p": 1.0, "token_r": 1.0, "token_f": 1.0, "ents_p": 0.825531914893617, "ents_r": 0.776, "ents_f": 0.8, "ents_per_type": {"EMAIL": {"p": 0.9577464788732394, "r": 0.9855072463768116, "f": 0.9714285714285714}, "PERSON": {"p": 0.7682926829268293, "r": 0.6961325966850829, "f": 0.7304347826086957}}, "speed": 10199.602936068413, "_wandb": {"runtime": 1042}}