{"score": 0.8752556237218814, "_runtime": 531, "_timestamp": 1633262594, "_step": 41, "loss_tok2vec": 0.0, "loss_ner": 88.75484132913104, "token_acc": 1.0, "token_p": 1.0, "token_r": 1.0, "token_f": 1.0, "ents_p": 0.895397489539749, "ents_r": 0.856, "ents_f": 0.8752556237218814, "ents_per_type": {"EMAIL": {"p": 0.9714285714285714, "r": 0.9855072463768116, "f": 0.9784172661870504}, "PERSON": {"p": 0.863905325443787, "r": 0.8066298342541437, "f": 0.8342857142857144}}, "speed": 10900.386766575462, "_wandb": {"runtime": 531}}