{"score": 0.8594059405940594, "_runtime": 378, "_timestamp": 1633268049, "_step": 35, "loss_tok2vec": 0.0, "loss_ner": 312.9237808227253, "token_acc": 1.0, "token_p": 1.0, "token_r": 1.0, "token_f": 1.0, "ents_p": 0.8509803921568627, "ents_r": 0.868, "ents_f": 0.8594059405940594, "ents_per_type": {"EMAIL": {"p": 0.9577464788732394, "r": 0.9855072463768116, "f": 0.9714285714285714}, "PERSON": {"p": 0.8097826086956522, "r": 0.8232044198895028, "f": 0.8164383561643836}}, "speed": 10710.74462688051, "_wandb": {"runtime": 376}}