{"score": 0.792, "_runtime": 728, "_timestamp": 1633267648, "_step": 50, "loss_tok2vec": 0.0, "loss_ner": 149.7661361773902, "token_acc": 1.0, "token_p": 1.0, "token_r": 1.0, "token_f": 1.0, "ents_p": 0.792, "ents_r": 0.792, "ents_f": 0.792, "ents_per_type": {"EMAIL": {"p": 0.9577464788732394, "r": 0.9855072463768116, "f": 0.9714285714285714}, "PERSON": {"p": 0.7262569832402235, "r": 0.7182320441988951, "f": 0.7222222222222223}}, "speed": 11018.453971002587, "_wandb": {"runtime": 727}}