{"score": 0.8460038986354775, "_runtime": 495, "_timestamp": 1633264329, "_step": 38, "loss_tok2vec": 0.0, "loss_ner": 80.67918086365253, "token_acc": 1.0, "token_p": 1.0, "token_r": 1.0, "token_f": 1.0, "ents_p": 0.8250950570342205, "ents_r": 0.868, "ents_f": 0.8460038986354775, "ents_per_type": {"EMAIL": {"p": 0.9305555555555556, "r": 0.9710144927536232, "f": 0.9503546099290779}, "PERSON": {"p": 0.7853403141361257, "r": 0.8287292817679558, "f": 0.8064516129032259}}, "speed": 10756.497215492871, "_wandb": {"runtime": 494}}