{"score": 0.375, "_runtime": 132, "_timestamp": 1631888581, "_step": 5, "loss_tok2vec": 0.0, "loss_ner": 1124.9019138545927, "token_acc": 1.0, "token_p": 1.0, "token_r": 1.0, "token_f": 1.0, "ents_p": 0.7857142857142857, "ents_r": 0.717391304347826, "ents_f": 0.75, "ents_per_type": {"EMAIL": {"p": 0.9230769230769231, "r": 0.6, "f": 0.7272727272727274}, "PERSON": {"p": 0.7241379310344828, "r": 0.8076923076923077, "f": 0.7636363636363636}}, "speed": 7009.9445622632065, "_wandb": {"runtime": 254}}