{"score": 0.5057471264367817, "_runtime": 441, "_timestamp": 1631879206, "_step": 44, "loss_tok2vec": 13.950806507991697, "loss_ner": 12.433376577106278, "token_acc": 1.0, "token_p": 1.0, "token_r": 1.0, "token_f": 1.0, "ents_p": 0.5365853658536586, "ents_r": 0.4782608695652174, "ents_f": 0.5057471264367817, "ents_per_type": {"EMAIL": {"p": 0.8888888888888888, "r": 0.4, "f": 0.5517241379310346}, "PERSON": {"p": 0.4375, "r": 0.5384615384615384, "f": 0.4827586206896552}}, "speed": 17928.470061208358, "_wandb": {"runtime": 440}}