{"score": 0.862144420131291, "_runtime": 888, "_timestamp": 1632750245, "_step": 56, "loss_tok2vec": 0.0, "loss_ner": 38.825985749819964, "token_acc": 1.0, "token_p": 1.0, "token_r": 1.0, "token_f": 1.0, "ents_p": 0.8755555555555555, "ents_r": 0.8491379310344828, "ents_f": 0.862144420131291, "ents_per_type": {"EMAIL": {"p": 0.9838709677419355, "r": 0.9384615384615385, "f": 0.9606299212598426}, "PERSON": {"p": 0.8343558282208589, "r": 0.8143712574850299, "f": 0.8242424242424243}}, "speed": 9540.44766273525, "_wandb": {"runtime": 887}}